<?xml version="1.0" encoding="UTF-8"?>
<jcr:root xmlns:jcr="http://www.jcp.org/jcr/1.0" xmlns:nt="http://www.jcp.org/jcr/nt/1.0" xmlns:sling="http://sling.apache.org/jcr/sling/1.0" xmlns:fdm="http://www.adobe.com/aemfd/fdm/1.0"
    jcr:primaryType="sling:Folder">
    <jcr:content
        jcr:primaryType="nt:unstructured"
        name="wknd-vacations-triprwodata-di"
        rendition.handler.id="fdm.structure"
        title="WKND Vacations-tripRWOdata-DI">
        <definitions jcr:primaryType="nt:unstructured">
            <City
                fdm:binaryEntity="{Boolean}false"
                fdm:bindRef="City"
                fdm:defaultBinaryEntity="{Boolean}false"
                fdm:genericOperationAllowed="{Boolean}false"
                fdm:rootEntity="{Boolean}false"
                fdm:schemaName="Microsoft.OData.SampleService.Models.TripPin"
                fdm:source="source1"
                jcr:primaryType="nt:unstructured"
                id="City"
                name="City"
                required="[CountryRegion,Name,Region]">
                <links jcr:primaryType="nt:unstructured"/>
                <properties jcr:primaryType="nt:unstructured">
                    <CountryRegion
                        fdm:bindRef="CountryRegion"
                        fdm:computed="{Boolean}false"
                        fdm:metadataKey="{Boolean}false"
                        fdm:nullable="{Boolean}false"
                        fdm:primaryKey="{Boolean}false"
                        fdm:protected="{Boolean}false"
                        fdm:required="{Boolean}true"
                        jcr:primaryType="nt:unstructured"
                        name="CountryRegion"
                        title="CountryRegion"
                        type="string"/>
                    <Name
                        fdm:bindRef="Name"
                        fdm:computed="{Boolean}false"
                        fdm:metadataKey="{Boolean}false"
                        fdm:nullable="{Boolean}false"
                        fdm:primaryKey="{Boolean}false"
                        fdm:protected="{Boolean}false"
                        fdm:required="{Boolean}true"
                        jcr:primaryType="nt:unstructured"
                        name="Name"
                        title="Name"
                        type="string"/>
                    <Region
                        fdm:bindRef="Region"
                        fdm:computed="{Boolean}false"
                        fdm:metadataKey="{Boolean}false"
                        fdm:nullable="{Boolean}false"
                        fdm:primaryKey="{Boolean}false"
                        fdm:protected="{Boolean}false"
                        fdm:required="{Boolean}true"
                        jcr:primaryType="nt:unstructured"
                        name="Region"
                        title="Region"
                        type="string"/>
                </properties>
            </City>
            <Location
                fdm:binaryEntity="{Boolean}false"
                fdm:bindRef="Location"
                fdm:defaultBinaryEntity="{Boolean}false"
                fdm:genericOperationAllowed="{Boolean}false"
                fdm:rootEntity="{Boolean}false"
                fdm:schemaName="Microsoft.OData.SampleService.Models.TripPin"
                fdm:source="source1"
                jcr:primaryType="nt:unstructured"
                id="Location"
                name="Location"
                required="[Address,City]">
                <links jcr:primaryType="nt:unstructured"/>
                <properties jcr:primaryType="nt:unstructured">
                    <Address
                        fdm:bindRef="Address"
                        fdm:computed="{Boolean}false"
                        fdm:metadataKey="{Boolean}false"
                        fdm:nullable="{Boolean}false"
                        fdm:primaryKey="{Boolean}false"
                        fdm:protected="{Boolean}false"
                        fdm:required="{Boolean}true"
                        jcr:primaryType="nt:unstructured"
                        name="Address"
                        title="Address"
                        type="string"/>
                    <City
                        fdm:bindRef="City"
                        fdm:computed="{Boolean}false"
                        fdm:metadataKey="{Boolean}false"
                        fdm:nullable="{Boolean}false"
                        fdm:primaryKey="{Boolean}false"
                        fdm:protected="{Boolean}false"
                        fdm:required="{Boolean}true"
                        jcr:primaryType="nt:unstructured"
                        _x0024_ref="City"
                        name="City"
                        title="City"
                        type="object"/>
                </properties>
            </Location>
            <Person
                fdm:binaryEntity="{Boolean}false"
                fdm:bindRef="Person"
                fdm:defaultBinaryEntity="{Boolean}false"
                fdm:genericOperationAllowed="{Boolean}true"
                fdm:rootEntity="{Boolean}true"
                fdm:schemaName="Microsoft.OData.SampleService.Models.TripPin"
                fdm:source="source1"
                jcr:primaryType="nt:unstructured"
                id="Person"
                name="Person"
                required="[UserName,FirstName,LastName,Concurrency]">
                <links jcr:primaryType="nt:unstructured">
                    <get_person_people1655795234441
                        fdm:source="source1"
                        jcr:primaryType="nt:unstructured"
                        description="Read 'Person'(s) from the EntitySet 'People'"
                        genericOperation="{Boolean}true"
                        href="https://services.odata.org/V4/(S(jbcut3nqd3321unp2sktnu23))/TripPinServiceRW/"
                        id="GET Person /People_1655795234441"
                        method="GET"
                        name="GET Person /People"
                        rel="self">
                        <fdm:data
                            jcr:primaryType="nt:unstructured"
                            UserName="${request.attribute.userName}"/>
                        <schema
                            fdm:bindRef="schema"
                            fdm:computed="{Boolean}false"
                            fdm:metadataKey="{Boolean}false"
                            fdm:nullable="{Boolean}true"
                            fdm:primaryKey="{Boolean}false"
                            fdm:protected="{Boolean}false"
                            fdm:required="{Boolean}false"
                            jcr:primaryType="nt:unstructured"
                            name="schema">
                            <properties jcr:primaryType="nt:unstructured">
                                <UserName
                                    fdm:bindRef="UserName"
                                    fdm:computed="{Boolean}false"
                                    fdm:metadataKey="{Boolean}false"
                                    fdm:nullable="{Boolean}false"
                                    fdm:primaryKey="{Boolean}true"
                                    fdm:protected="{Boolean}false"
                                    fdm:required="{Boolean}true"
                                    jcr:primaryType="nt:unstructured"
                                    name="UserName"
                                    title="UserName"
                                    type="string"/>
                            </properties>
                        </schema>
                        <targetSchema
                            fdm:bindRef="Person"
                            fdm:computed="{Boolean}false"
                            fdm:metadataKey="{Boolean}false"
                            fdm:nullable="{Boolean}true"
                            fdm:primaryKey="{Boolean}false"
                            fdm:protected="{Boolean}false"
                            fdm:required="{Boolean}false"
                            jcr:primaryType="nt:unstructured"
                            _x0024_ref="Person"
                            name="Person"
                            type="object"/>
                    </get_person_people1655795234441>
                    <post_person_people1655795234441
                        fdm:source="source1"
                        jcr:primaryType="nt:unstructured"
                        description="Create a new 'Person' in the EntitySet 'People'"
                        genericOperation="{Boolean}false"
                        href="https://services.odata.org/V4/(S(jbcut3nqd3321unp2sktnu23))/TripPinServiceRW/"
                        id="POST Person /People_1655795234441"
                        method="POST"
                        name="POST Person /People"
                        rel="self">
                        <fdm:data jcr:primaryType="nt:unstructured"/>
                        <schema
                            fdm:bindRef="schema"
                            fdm:computed="{Boolean}false"
                            fdm:metadataKey="{Boolean}false"
                            fdm:nullable="{Boolean}true"
                            fdm:primaryKey="{Boolean}false"
                            fdm:protected="{Boolean}false"
                            fdm:required="{Boolean}false"
                            jcr:primaryType="nt:unstructured"
                            name="schema"
                            type="object">
                            <properties jcr:primaryType="nt:unstructured">
                                <Person
                                    fdm:bindRef="Person"
                                    fdm:computed="{Boolean}false"
                                    fdm:in="body"
                                    fdm:metadataKey="{Boolean}false"
                                    fdm:nullable="{Boolean}false"
                                    fdm:primaryKey="{Boolean}false"
                                    fdm:protected="{Boolean}false"
                                    fdm:required="{Boolean}true"
                                    jcr:primaryType="nt:unstructured"
                                    _x0024_ref="Person"
                                    name="Person"
                                    title="Person"
                                    type="object"/>
                            </properties>
                        </schema>
                        <targetSchema
                            fdm:bindRef="Person"
                            fdm:computed="{Boolean}false"
                            fdm:metadataKey="{Boolean}false"
                            fdm:nullable="{Boolean}true"
                            fdm:primaryKey="{Boolean}false"
                            fdm:protected="{Boolean}false"
                            fdm:required="{Boolean}false"
                            jcr:primaryType="nt:unstructured"
                            _x0024_ref="Person"
                            description="Created entity record"
                            name="Person"
                            type="object"/>
                    </post_person_people1655795234441>
                </links>
                <properties jcr:primaryType="nt:unstructured">
                    <UserName
                        fdm:bindRef="UserName"
                        fdm:computed="{Boolean}false"
                        fdm:metadataKey="{Boolean}false"
                        fdm:nullable="{Boolean}false"
                        fdm:primaryKey="{Boolean}true"
                        fdm:protected="{Boolean}false"
                        fdm:required="{Boolean}true"
                        jcr:primaryType="nt:unstructured"
                        name="UserName"
                        title="UserName"
                        type="string"/>
                    <FirstName
                        fdm:bindRef="FirstName"
                        fdm:computed="{Boolean}false"
                        fdm:metadataKey="{Boolean}false"
                        fdm:nullable="{Boolean}false"
                        fdm:primaryKey="{Boolean}false"
                        fdm:protected="{Boolean}false"
                        fdm:required="{Boolean}true"
                        jcr:primaryType="nt:unstructured"
                        name="FirstName"
                        title="FirstName"
                        type="string"/>
                    <LastName
                        fdm:bindRef="LastName"
                        fdm:computed="{Boolean}false"
                        fdm:metadataKey="{Boolean}false"
                        fdm:nullable="{Boolean}false"
                        fdm:primaryKey="{Boolean}false"
                        fdm:protected="{Boolean}false"
                        fdm:required="{Boolean}true"
                        jcr:primaryType="nt:unstructured"
                        name="LastName"
                        title="LastName"
                        type="string"/>
                    <Emails
                        fdm:bindRef="Emails"
                        fdm:computed="{Boolean}false"
                        fdm:metadataKey="{Boolean}false"
                        fdm:nullable="{Boolean}true"
                        fdm:primaryKey="{Boolean}false"
                        fdm:protected="{Boolean}false"
                        fdm:required="{Boolean}false"
                        jcr:primaryType="nt:unstructured"
                        name="Emails"
                        title="Emails"
                        type="array">
                        <items
                            jcr:primaryType="nt:unstructured"
                            type="string"/>
                    </Emails>
                    <AddressInfo
                        fdm:bindRef="AddressInfo"
                        fdm:computed="{Boolean}false"
                        fdm:metadataKey="{Boolean}false"
                        fdm:nullable="{Boolean}true"
                        fdm:primaryKey="{Boolean}false"
                        fdm:protected="{Boolean}false"
                        fdm:required="{Boolean}false"
                        jcr:primaryType="nt:unstructured"
                        name="AddressInfo"
                        title="AddressInfo"
                        type="array">
                        <items
                            jcr:primaryType="nt:unstructured"
                            _x0024_ref="Location"
                            type="object"/>
                    </AddressInfo>
                    <Gender
                        fdm:bindRef="Gender"
                        fdm:computed="{Boolean}false"
                        fdm:metadataKey="{Boolean}false"
                        fdm:nullable="{Boolean}true"
                        fdm:primaryKey="{Boolean}false"
                        fdm:protected="{Boolean}false"
                        fdm:required="{Boolean}false"
                        jcr:primaryType="nt:unstructured"
                        enum="[Microsoft.OData.SampleService.Models.TripPin.PersonGender'Male,Microsoft.OData.SampleService.Models.TripPin.PersonGender'Female,Microsoft.OData.SampleService.Models.TripPin.PersonGender'Unknown]"
                        name="Gender"
                        title="Gender"
                        type="string"/>
                    <Concurrency
                        fdm:bindRef="Concurrency"
                        fdm:computed="{Boolean}false"
                        fdm:metadataKey="{Boolean}false"
                        fdm:nullable="{Boolean}false"
                        fdm:primaryKey="{Boolean}false"
                        fdm:protected="{Boolean}false"
                        fdm:required="{Boolean}true"
                        jcr:primaryType="nt:unstructured"
                        format="int64"
                        name="Concurrency"
                        title="Concurrency"
                        type="integer"/>
                    <Friends
                        fdm:bindRef="Friends"
                        fdm:computed="{Boolean}false"
                        fdm:metadataKey="{Boolean}false"
                        fdm:nullable="{Boolean}true"
                        fdm:primaryKey="{Boolean}false"
                        fdm:protected="{Boolean}false"
                        fdm:required="{Boolean}false"
                        jcr:primaryType="nt:unstructured"
                        name="Friends"
                        title="Friends"
                        type="array">
                        <items
                            jcr:primaryType="nt:unstructured"
                            _x0024_ref="Person"
                            type="object"/>
                    </Friends>
                </properties>
            </Person>
        </definitions>
        <links jcr:primaryType="nt:unstructured">
            <get_person_people
                fdm:source="source1"
                jcr:primaryType="nt:unstructured"
                description="Read 'Person'(s) from the EntitySet 'People'"
                genericOperation="{Boolean}true"
                href="https://services.odata.org/V4/(S(jbcut3nqd3321unp2sktnu23))/TripPinServiceRW/"
                id="GET Person /People"
                method="GET"
                name="GET Person /People"
                rel="Person">
                <fdm:data jcr:primaryType="nt:unstructured"/>
                <schema
                    fdm:bindRef="schema"
                    fdm:computed="{Boolean}false"
                    fdm:metadataKey="{Boolean}false"
                    fdm:nullable="{Boolean}true"
                    fdm:primaryKey="{Boolean}false"
                    fdm:protected="{Boolean}false"
                    fdm:required="{Boolean}false"
                    jcr:primaryType="nt:unstructured"
                    name="schema">
                    <properties jcr:primaryType="nt:unstructured">
                        <UserName
                            fdm:bindRef="UserName"
                            fdm:computed="{Boolean}false"
                            fdm:metadataKey="{Boolean}false"
                            fdm:nullable="{Boolean}false"
                            fdm:primaryKey="{Boolean}true"
                            fdm:protected="{Boolean}false"
                            fdm:required="{Boolean}false"
                            jcr:primaryType="nt:unstructured"
                            default="\0"
                            description="\0"
                            name="UserName"
                            title="\0"
                            type="string"/>
                    </properties>
                </schema>
                <targetSchema
                    fdm:bindRef="Person"
                    fdm:computed="{Boolean}false"
                    fdm:metadataKey="{Boolean}false"
                    fdm:nullable="{Boolean}true"
                    fdm:primaryKey="{Boolean}false"
                    fdm:protected="{Boolean}false"
                    fdm:required="{Boolean}false"
                    jcr:primaryType="nt:unstructured"
                    name="Person"
                    type="array">
                    <items
                        jcr:primaryType="nt:unstructured"
                        _x0024_ref="Person"
                        type="object"/>
                </targetSchema>
            </get_person_people>
            <post_person_people
                fdm:source="source1"
                jcr:primaryType="nt:unstructured"
                description="Create a new 'Person' in the EntitySet 'People'"
                genericOperation="{Boolean}false"
                href="https://services.odata.org/V4/(S(jbcut3nqd3321unp2sktnu23))/TripPinServiceRW/"
                id="POST Person /People"
                method="POST"
                name="POST Person /People">
                <fdm:data jcr:primaryType="nt:unstructured"/>
                <schema
                    fdm:bindRef="schema"
                    fdm:computed="{Boolean}false"
                    fdm:metadataKey="{Boolean}false"
                    fdm:nullable="{Boolean}true"
                    fdm:primaryKey="{Boolean}false"
                    fdm:protected="{Boolean}false"
                    fdm:required="{Boolean}false"
                    jcr:primaryType="nt:unstructured"
                    name="schema"
                    type="object">
                    <properties jcr:primaryType="nt:unstructured">
                        <Person
                            fdm:bindRef="Person"
                            fdm:computed="{Boolean}false"
                            fdm:in="body"
                            fdm:metadataKey="{Boolean}false"
                            fdm:nullable="{Boolean}false"
                            fdm:primaryKey="{Boolean}false"
                            fdm:protected="{Boolean}false"
                            fdm:required="{Boolean}true"
                            jcr:primaryType="nt:unstructured"
                            _x0024_ref="Person"
                            name="Person"
                            type="object"/>
                    </properties>
                </schema>
                <targetSchema
                    fdm:bindRef="Person"
                    fdm:computed="{Boolean}false"
                    fdm:metadataKey="{Boolean}false"
                    fdm:nullable="{Boolean}true"
                    fdm:primaryKey="{Boolean}false"
                    fdm:protected="{Boolean}false"
                    fdm:required="{Boolean}false"
                    jcr:primaryType="nt:unstructured"
                    _x0024_ref="Person"
                    description="Created entity record"
                    name="Person"
                    type="object"/>
            </post_person_people>
        </links>
        <properties jcr:primaryType="nt:unstructured">
            <Person
                fdm:computed="{Boolean}false"
                fdm:nullable="{Boolean}true"
                fdm:protected="{Boolean}false"
                fdm:required="{Boolean}false"
                jcr:primaryType="nt:unstructured"
                _x0024_ref="Person"
                name="Person"/>
        </properties>
    </jcr:content>
</jcr:root>
