<?xml version="1.0" encoding="UTF-8"?>
<jcr:root xmlns:jcr="http://www.jcp.org/jcr/1.0" xmlns:rep="internal" xmlns:sling="http://sling.apache.org/jcr/sling/1.0" xmlns:cq="http://www.day.com/jcr/cq/1.0"
    jcr:mixinTypes="[rep:AccessControllable]"
    jcr:primaryType="sling:OrderedFolder">
    <cq:graphql/>
    <rep:policy/>
    <dam/>
    <campaigns/>
    <projects/>
    <experience-fragments/>
    <cq:tags/>
    <usergenerated/>
    <launches/>
    <forms/>
    <screens/>
    <adobeags975sandbox/>
    <wknd/>
    <myheadlessform/>
    <gql-demo-template/>
    <outbound-marketing/>
    <output/>
    <dxml-components/>
    <graphiql/>
    <aem_forms_/>
    <core-components-examples/>
    <bgaemforms/>
    <T-Mobile/>
    <aemforms/>
    <Research/>
    <pwc_forms/>
    <customtemplatetest/>
    <test-site/>
    <for_modification/>
    <language-masters/>
</jcr:root>
